Workbook

Sheet Summary
B1: % difference with maxima
A2: Function | B2: Week1 | C2: Week2 | D2: Week3 | E2: Week4 | F2: Week5 | G2: Week6
A3: 1 | B3: =Week1!G2 -> 100 | C3: =Week2!G2 -> 100 | D3: =Week3!G2 -> 100 | E3: =Week4!G2 -> 100 | F3: =Week5!G2 -> 100
A4: 2 | B4: =Week1!G3 -> 87.192534 | C4: =Week2!G3 -> 14.270146 | D4: =Week3!G3 -> 32.198801 | E4: =Week4!G3 -> 16.997885 | F4: =Week5!G3 -> 101.27947
A5: 3 | B5: =Week1!G4 -> 18.195891 | C5: =Week2!G4 -> 79.43299 | D5: =Week3!G4 -> 84.996764 | E5: =Week4!G4 -> 56.324678 | F5: =Week5!G4 -> 84.348732
A6: 4 | B6: =Week1!G5 -> 92.995568 | C6: =Week2!G5 -> 37.66397 | D6: =Week3!G5 -> 43.643107 | E6: =Week4!G5 -> 79.842106 | F6: =Week5!G5 -> 81.783568
A7: 5 | B7: =Week1!G6 -> 4.8736402 | C7: =Week2!G6 -> 10.863963 | D7: =Week3!G6 -> 55.790431 | E7: =Week4!G6 -> 38.49592 | F7: =Week5!G6 -> 31.290928
A8: 6 | B8: =Week1!G7 -> 4.3185199 | C8: =Week2!G7 -> 54.524214 | D8: =Week3!G7 -> 61.246522 | E8: =Week4!G7 -> 61.729714 | F8: =Week5!G7 -> 44.113315
A9: 7 | B9: =Week1!G8 -> 54.387151 | C9: =Week2!G8 -> 9.9175447 | D9: =Week3!G8 -> 29.308356 | E9: =Week4!G8 -> 38.381259 | F9: =Week5!G8 -> 18.524258
A10: 8 | B10: =Week1!G9 -> 3.1166951 | C10: =Week2!G9 -> 3.8410643 | D10: =Week3!G9 -> 2.4402762 | E10: =Week4!G9 -> 0.072904477 | F10: =Week5!G9 -> 0.25115648
E13: Differences each week
A14: Function | B14: Week1 | C14: Week2 | D14: Week3 | E14: Week4 | F14: Week5 | G14: Week6
A15: 1 | B15: N/A | C15: =Week2!H2 -> 0 | D15: =Week3!H2 -> -2.0605739e-11 | E15: =Week4!H2 -> 2.0605739e-11 | F15: =Week5!H2 -> 0
A16: 2 | B16: N/A | C16: =Week2!H3 -> -72.922389 | D16: =Week3!H3 -> -17.928655 | E16: =Week4!H3 -> 15.200916 | F16: =Week5!H3 -> -84.281588
A17: 3 | B17: N/A | C17: =Week2!H4 -> 61.237098 | D17: =Week3!H4 -> -5.5637742 | E17: =Week4!H4 -> 28.672086 | F17: =Week5!H4 -> -28.024055
A18: 4 | B18: N/A | C18: =Week2!H5 -> -55.331598 | D18: =Week3!H5 -> -5.9791369 | E18: =Week4!H5 -> -36.198999 | F18: =Week5!H5 -> -1.9414621
A19: 5 | B19: N/A | C19: =Week2!H6 -> 5.9903227 | D19: =Week3!H6 -> -44.926468 | E19: =Week4!H6 -> 17.294511 | F19: =Week5!H6 -> 7.2049916
A20: 6 | B20: N/A | C20: =Week2!H7 -> 50.205694 | D20: =Week3!H7 -> -6.7223082 | E20: =Week4!H7 -> -0.48319185 | F20: =Week5!H7 -> 17.6164
A21: 7 | B21: N/A | C21: =Week2!H8 -> -44.469606 | D21: =Week3!H8 -> -19.390811 | E21: =Week4!H8 -> -9.0729029 | F21: =Week5!H8 -> 19.857001
A22: 8 | B22: N/A | C22: =Week2!H9 -> 0.72436926 | D22: =Week3!H9 -> 1.4007881 | E22: =Week4!H9 -> 2.3673718 | F22: =Week5!H9 -> -0.178252
D25: Result after each week
A26: Function | B26: Week1 | C26: Week2 | D26: Week3 | E26: Week4 | F26: Week5 | G26: Week6 | H26: Week7 | I26: Week8 | J26: Week9 | K26: Week10 | L26: Week11 | M26: Week12 | P26: Maximum Week | Q26: Maximum value | R26: Best Surrogate
A27: 1 | B27: =Week1!F2 -> 1.5192269e-55 | C27: =Week2!F2 -> 5.6241271e-35 | D27: =Week3!F2 -> -1.5889958e-28 | E27: =Week4!F2 -> -1.9365254e-32 | F27: =Week5!F2 -> 0 | G27: =Week6!F2 -> -2.4207951e-51 | H27: =Week7!F2 -> 2.4541537e-54 | I27: =Week8!F2 -> 1.558429e-23 | J27: =Week9!F2 -> 5.264753e-57 | P27: =INDEX($B$26:$M$26, MATCH(MAX(B27:M27), B27:M27, 0)) -> Week8 | Q27: =MAX(B27:M27) -> 1.558429e-23 | R27: GP and UCB
A28: 2 | B28: =Week1!F3 -> 0.078279871 | C28: =Week2!F3 -> 0.52398534 | D28: =Week3!F3 -> 0.41440446 | E28: =Week4!F3 -> 0.50731326 | F28: =Week5!F3 -> -0.0078202086 | G28: =Week6!F3 -> 0.56924087 | H28: =Week7!F3 -> 0.19283513 | I28: =Week8!F3 -> 0.14715689 | J28: =Week9!F3 -> 0.63564436 | P28: =INDEX($B$26:$M$26, MATCH(MAX(B28:M28), B28:M28, 0)) -> Week9 | Q28: =MAX(B28:M28) -> 0.63564436 | R28: LLM - GP and EI
A29: 3 | B29: =Week1!F4 -> -0.042583436 | C29: =Week2!F4 -> -0.0071645825 | D29: =Week3!F4 -> -0.047753581 | E29: =Week4!F4 -> -0.016404189 | F29: =Week5!F4 -> -0.045776372 | G29: =Week6!F4 -> -0.044074742 | H29: =Week7!F4 -> -0.033040646 | I29: =Week8!F4 -> -0.054495234 | J29: =Week9!F4 -> -0.002629601 | P29: =INDEX($B$26:$M$26, MATCH(MAX(B29:M29), B29:M29, 0)) -> Week9 | Q29: =MAX(B29:M29) -> -0.002629601 | R29: LLM - GP and EI
A30: 4 | B30: =Week1!F5 -> -0.28196634 | C30: =Week2!F5 -> -2.5093632 | D30: =Week3!F5 -> -2.2686705 | E30: =Week4!F5 -> -0.81146454 | F30: =Week5!F5 -> -1.5478681 | G30: =Week6!F5 -> -1.2401877 | H30: =Week7!F5 -> 0.57749759 | I30: =Week8!F5 -> 0.38876269 | J30: =Week9!F5 -> 0.5770127 | P30: =INDEX($B$26:$M$26, MATCH(MAX(B30:M30), B30:M30, 0)) -> Week7 | Q30: =MAX(B30:M30) -> 0.57749759 | R30: GP and UCB
A31: 5 | B31: =Week1!F6 -> 1035.7834 | C31: =Week2!F6 -> 1221.5706 | D31: =Week3!F6 -> 2763.1361 | E31: =Week4!F6 -> 1699.4415 | F31: =Week5!F6 -> 4021.5012 | G31: =Week6!F6 -> 1938.9433 | H31: =Week7!F6 -> 4310.9806 | I31: =Week8!F6 -> 4158.7867 | J31: =Week9!F6 -> 4189.1606 | P31: =INDEX($B$26:$M$26, MATCH(MAX(B31:M31), B31:M31, 0)) -> Week7 | Q31: =MAX(B31:M31) -> 4310.9806 | R31: GP and UCB
A32: 6 | B32: =Week1!F7 -> -0.74650183 | C32: =Week2!F7 -> -0.3248176 | D32: =Week3!F7 -> -0.83816374 | E32: =Week4!F7 -> -0.12430862 | F32: =Week5!F7 -> -0.22242976 | G32: =Week6!F7 -> -0.20723711 | H32: =Week7!F7 -> -0.15947669 | I32: =Week8!F7 -> -0.28274379 | J32: =Week9!F7 -> -0.14749974 | P32: =INDEX($B$26:$M$26, MATCH(MAX(B32:M32), B32:M32, 0)) -> Week4 | Q32: =MAX(B32:M32) -> -0.12430862 | R32: SVM
A33: 7 | B33: =Week1!F8 -> 0.62260079 | C33: =Week2!F8 -> 1.5152432 | D33: =Week3!F8 -> 1.0711503 | E33: =Week4!F8 -> 0.9336738 | F33: =Week5!F8 -> 1.8597477 | G33: =Week6!F8 -> 1.883808 | H33: =Week7!F8 -> 1.8684324 | I33: =Week8!F8 -> 1.4390677 | J33: =Week9!F8 -> 1.7512571 | P33: =INDEX($B$26:$M$26, MATCH(MAX(B33:M33), B33:M33, 0)) -> Week6 | Q33: =MAX(B33:M33) -> 1.883808 | R33: SVM
A34: 8 | B34: =Week1!F9 -> 9.9072611 | C34: =Week2!F9 -> 9.5267168 | D34: =Week3!F9 -> 9.6654966 | E34: =Week4!F9 -> 9.9000383 | F34: =Week5!F9 -> 9.9322065 | G34: =Week6!F9 -> 9.9707718 | H34: =Week7!F9 -> 9.9515462 | I34: =Week8!F9 -> 9.9534885 | J34: =Week9!F9 -> 6.43369 | P34: =INDEX($B$26:$M$26, MATCH(MAX(B34:M34), B34:M34, 0)) -> Week6 | Q34: =MAX(B34:M34) -> 9.9707718 | R34: SVM
D37: Surrogate function
A38: Function | B38: Week1 | C38: Week2 | D38: Week3 | E38: Week4 | F38: Week5 | G38: Week6 | H38: Week7 | I38: Week8 | J38: Week9 | K38: Week10 | L38: Week11 | M38: Week12
A39: 1 | B39: GP and UCB | C39: GP and UCB | D39: GP and UCB | E39: SVM | F39: SVM | G39: GP and UCB | H39: GP and UCB | I39: GP and UCB | J39: LLM - GP and EI | K39: GP and EI
A40: 2 | B40: GP and UCB | C40: GP and UCB | D40: GP and UCB | E40: SVM | F40: SVM | G40: GP and UCB | H40: GP and UCB | I40: GP and UCB | J40: LLM - GP and EI | K40: GP and EI
A41: 3 | B41: GP and UCB | C41: GP and UCB | D41: GP and UCB | E41: SVM | F41: SVM | G41: GP and UCB | H41: GP and UCB | I41: GP and UCB | J41: LLM - GP and EI | K41: GP and EI
A42: 4 | B42: GP and UCB | C42: GP and UCB | D42: GP and UCB | E42: SVM | F42: GP UCB | G42: GP and UCB | H42: GP and UCB | I42: GP and UCB | J42: LLM - GP and EI | K42: GP and UCB
A43: 5 | B43: GP and UCB | C43: GP and UCB | D43: GP and UCB | E43: SVM | F43: GP UCB | G43: SVM | H43: GP and UCB | I43: GP and UCB | J43: LLM - GP and EI | K43: GP and UCB
A44: 6 | B44: GP and UCB | C44: GP and UCB | D44: GP and UCB | E44: SVM | F44: SVM | G44: SVM | H44: SVM | I44: SVM | J44: LLM - GP and EI | K44: SVM
A45: 7 | B45: GP and UCB | C45: GP and UCB | D45: GP and UCB | E45: SVM | F45: SVM | G45: SVM | H45: SVM | I45: SVM | J45: LLM - SVM | K45: SVM
A46: 8 | B46: GP and UCB | C46: GP and UCB | D46: GP and UCB | E46: SVM | F46: SVM | G46: SVM | H46: SVM | I46: SVM | J46: LLM - SVM | K46: SVM

Sheet Week1
A1: Order | B1: Function | C1: Next Best Points | D1: Method | E1: Maximum value in the given data | F1: Result after this input | G1: % Difference with Maxima | H1: Observation
A2: 1 | B2: 1 | C2: .428571 - .142857 | D2: Calculated using GP and UCB | E2: 7.7108751e-16 | F2: 1.5192269e-55 | G2: =(ABS(E2 -F2)/MAX(ABS(E2),ABS(F2)) )* 100 -> 100 | H2: This is approx 100% difference to the maxima
A3: 2 | B3: 2 | C3: .795918 - .959184 | D3: Calculated using GP and UCB | E3: 0.611205 | F3: 0.078279871 | G3: =(ABS(E3 -F3)/MAX(ABS(E3),ABS(F3)) )* 100 -> 87.192534
A4: 3 | B4: 3 | C4: .489796 - .612245 - .326531 | D4: Calculated using GP and UCB | E4: -0.034835 | F4: -0.042583436 | G4: =(ABS(E4 -F4)/MAX(ABS(E4),ABS(F4)) )* 100 -> 18.195891
A5: 4 | B5: 4 | C5: 0.428571 - 0.448979 - 0.387755 - 0.448979 | D5: Took longer to calculate the ucb values ( 4 minutes) | E5: -4.025542 | F5: -0.28196634 | G5: =(ABS(E5 -F5)/MAX(ABS(E5),ABS(F5)) )* 100 -> 92.995568
A6: 5 | B6: 5 | C6: 0.224489 - 0.836734 - 0.877551 - 0.877551 | D6: Took longer to calculate the ucb values ( 4 minutes) | E6: 1088.85 | F6: 1035.7834 | G6: =(ABS(E6 -F6)/MAX(ABS(E6),ABS(F6)) )* 100 -> 4.8736402
A7: 6 | B7: 6 | C7: .736842 - .157895 - .736842 - .684211 - .052632 | D7: I had started with grid_size = 50 Grid search creation took long time and crashed the python process. Because it tried to create 50^5 = 312.5 million points I then changed the grid size to 10 and reran. It did not produce the sufficient points then changed to grid size = 20 and reran | E7: -0.714264 | F7: -0.74650183 | G7: =(ABS(E7 -F7)/MAX(ABS(E7),ABS(F7)) )* 100 -> 4.3185199
A8: 7 | B8: 7 | C8: 0.151199 - 0.033732 - 0.730708 - 0.344778 - 0.023911 - 0.533736 | D8: Changed the grid_size = 10. With grid search 10, UCB next best point were coming with similar values for all. So I changed to random sample with sample = 10000000 (10M) | E8: 1.364968 | F8: 0.62260079 | G8: =(ABS(E8 -F8)/MAX(ABS(E8),ABS(F8)) )* 100 -> 54.387151
A9: 8 | B9: 8 | C9: 0.022440 - 0.191554 - 0.027755 - 0.095156 - 0.791674 - 0.395249-0.075154-0.444097 | D9: 8D. Started with random sample of 1000000 (1M) sample | E9: 9.598482 | F9: 9.9072611 | G9: =(ABS(E9 -F9)/MAX(ABS(E9),ABS(F9)) )* 100 -> 3.1166951

Sheet Week2
A1: Order | B1: Function | C1: Next Best Points | D1: Method | E1: Maximum value in the given data | F1: Result after this input | G1: % Difference with Maxima | H1: Differece with previous week | I1: Observation
A2: 1 | B2: 1 | C2: 0.775510-0.795918 | D2: Calculated using GP and UCB | E2: 7.7108751e-16 | F2: 5.6241271e-35 | G2: =(ABS(E2 -F2)/MAX(ABS(E2),ABS(F2)) )* 100 -> 100 | H2: =G2-Week1!G2 -> 0 | I2: No change in the difference
A3: 2 | B3: 2 | C3: 0.714286-0.938776 | D3: Calculated using GP and UCB | E3: 0.61120522 | F3: 0.52398534 | G3: =(ABS(E3 -F3)/MAX(ABS(E3),ABS(F3)) )* 100 -> 14.270146 | H3: =G3-Week1!G3 -> -72.922389
A4: 3 | B4: 3 | C4: 0.428571-0.448980-0.489796 | D4: Calculated using GP and UCB | E4: -0.034835313 | F4: -0.0071645825 | G4: =(ABS(E4 -F4)/MAX(ABS(E4),ABS(F4)) )* 100 -> 79.43299 | H4: =G4-Week1!G4 -> 61.237098
A5: 4 | B5: 4 | C5: 0.469388-0.469388-0.285714-0.428571 | D5: Took longer to calculate the ucb values ( almost 5 minutes) | E5: -4.0255423 | F5: -2.5093632 | G5: =(ABS(E5 -F5)/MAX(ABS(E5),ABS(F5)) )* 100 -> 37.66397 | H5: =G5-Week1!G5 -> -55.331598
A6: 5 | B6: 5 | C6: 0.204082-0.877551-0.857143-0.897959 | D6: Took longer to calculate the ucb values ( almost 5 minutes) | E6: 1088.8596 | F6: 1221.5706 | G6: =(ABS(E6 -F6)/MAX(ABS(E6),ABS(F6)) )* 100 -> 10.863963 | H6: =G6-Week1!G6 -> 5.9903227
A7: 6 | B7: 6 | C7: 0.368421-0.263158-0.526316-0.842105-0.105263 | D7: grid size = 20 | E7: -0.71426495 | F7: -0.3248176 | G7: =(ABS(E7 -F7)/MAX(ABS(E7),ABS(F7)) )* 100 -> 54.524214 | H7: =G7-Week1!G7 -> 50.205694
A8: 7 | B8: 7 | C8: 0.023952-0.436365-0.285535-0.137788-0.353289-0.747301 | D8: Random search with 10M sample. took around 8 minute to run. | E8: 1.3649683 | F8: 1.5152432 | G8: =(ABS(E8 -F8)/MAX(ABS(E8),ABS(F8)) )* 100 -> 9.9175447 | H8: =G8-Week1!G8 -> -44.469606
A9: 8 | B9: 8 | C9: 0.008892-0.448205-0.002458-0.605908-0.634393-0.706540-0.036133-0.701302 | D9: Random search with 1M sample. | E9: 9.9072611 | F9: 9.5267168 | G9: =(ABS(E9 -F9)/MAX(ABS(E9),ABS(F9)) )* 100 -> 3.8410643 | H9: =G9-Week1!G9 -> 0.72436926

Sheet Week3
A1: Order | B1: Function | C1: Next Best Points | D1: Method | E1: Maximum value in the given data | F1: Result after this input | G1: % Difference with Maxima | H1: Differece with previous week | I1: Observation
A2: 1 | B2: 1 | C2: 0.808081-0.717172 | D2: Calculated using GP and UCB. changed grid size to 100 | E2: 7.7108751e-16 | F2: -1.5889958e-28 | G2: =(ABS(E2 -F2)/MAX(ABS(E2),ABS(F2)) )* 100 -> 100 | H2: =Week2!G2 - Week3!G2 -> -2.0605739e-11
A3: 2 | B3: 2 | C3: 0.656566-0.939394 | D3: Calculated using GP and UCB.changed grid size to 100 | E3: 0.61120522 | F3: 0.41440446 | G3: =(ABS(E3 -F3)/MAX(ABS(E3),ABS(F3)) )* 100 -> 32.198801 | H3: =Week2!G3 - Week3!G3 -> -17.928655
A4: 3 | B4: 3 | C4: 0.545455-0.666667-0.585859 | D4: Calculated using GP and UCB.changed grid size to 100 | E4: -0.0071645825 | F4: -0.047753581 | G4: =(ABS(E4 -F4)/MAX(ABS(E4),ABS(F4)) )* 100 -> 84.996764 | H4: =Week2!G4 - Week3!G4 -> -5.5637742
A5: 4 | B5: 4 | C5: 0.372475-0.484827-0.477273-0.411341 | D5: Random search with 3M sample | E5: -4.0255423 | F5: -2.2686705 | G5: =(ABS(E5 -F5)/MAX(ABS(E5),ABS(F5)) )* 100 -> 43.643107 | H5: =Week2!G5 - Week3!G5 -> -5.9791369
A6: 5 | B6: 5 | C6: 0.220562-0.993718-0.92325-0.93226 | D6: Random search with 3M sample | E6: 1221.5706 | F6: 2763.1361 | G6: =(ABS(E6 -F6)/MAX(ABS(E6),ABS(F6)) )* 100 -> 55.790431 | H6: =Week2!G6 - Week3!G6 -> -44.926468
A7: 6 | B7: 6 | C7: 0.359946-0.009339-0.744659-0.973816-0.016177 | D7: Random search with 3M sample | E7: -0.3248176 | F7: -0.83816374 | G7: =(ABS(E7 -F7)/MAX(ABS(E7),ABS(F7)) )* 100 -> 61.246522 | H7: =Week2!G7 - Week3!G7 -> -6.7223082
A8: 7 | B8: 7 | C8: 0.025165-0.343159-0.324152-0.113682-0.321857-0.924456 | D8: Random search with 3M sample | E8: 1.5152432 | F8: 1.0711503 | G8: =(ABS(E8 -F8)/MAX(ABS(E8),ABS(F8)) )* 100 -> 29.308356 | H8: =Week2!G8 - Week3!G8 -> -19.390811
A9: 8 | B9: 8 | C9: 0.135865-0.220521-0.003626-0.027379-0.41093-0.081034-0.127128-0.747297 | D9: Random search with 3M sample. | E9: 9.9072611 | F9: 9.6654966 | G9: =(ABS(E9 -F9)/MAX(ABS(E9),ABS(F9)) )* 100 -> 2.4402762 | H9: =Week2!G9 - Week3!G9 -> 1.4007881

Sheet Week4
A1: Order | B1: Function | C1: Next Best Points | D1: Method | E1: Maximum value in the given data | F1: Result after this input | G1: % Difference with Maxima | H1: Differece with previous week | I1: Observation | J1: Predicted max value
A2: 1 | B2: 1 | C2: 0.399405-0.632402 | D2: Changed from UCB to SVM | E2: 7.7108751e-16 | F2: -1.9365254e-32 | G2: =(ABS(E2 -F2)/MAX(ABS(E2),ABS(F2)) )* 100 -> 100 | H2: =Week3!G2 - Week4!G2 -> 2.0605739e-11 | J2: -0.0018030313
A3: 2 | B3: 2 | C3: 0.729253-0.058662 | D3: Changed from UCB to SVM | E3: 0.61120522 | F3: 0.50731326 | G3: =(ABS(E3 -F3)/MAX(ABS(E3),ABS(F3)) )* 100 -> 16.997885 | H3: =Week3!G3 - Week4!G3 -> 15.200916 | J3: 0.46072066
A4: 3 | B4: 3 | C4: 0.474657-0.469540-0.376028 | D4: Changed from UCB to SVM | E4: -0.0071645825 | F4: -0.016404189 | G4: =(ABS(E4 -F4)/MAX(ABS(E4),ABS(F4)) )* 100 -> 56.324678 | H4: =Week3!G4 - Week4!G4 -> 28.672086 | J4: -0.097433678
A5: 4 | B5: 4 | C5: 0.310497-0.337378-0.332006-0.378659 | D5: Changed from UCB to SVM | E5: -4.0255423 | F5: -0.81146454 | G5: =(ABS(E5 -F5)/MAX(ABS(E5),ABS(F5)) )* 100 -> 79.842106 | H5: =Week3!G5 - Week4!G5 -> -36.198999 | J5: -10.478509
A6: 5 | B6: 5 | C6: 0.210582-0.914111-0.854212-0.943472 | D6: Changed from UCB to SVM | E6: 2763.1361 | F6: 1699.4415 | G6: =(ABS(E6 -F6)/MAX(ABS(E6),ABS(F6)) )* 100 -> 38.49592 | H6: =Week3!G6 - Week4!G6 -> 17.294511 | J6: 71.112334
A7: 6 | B7: 6 | C7: 0.412263-0.328525-0.520517-0.793617-0.125967 | D7: Changed from UCB to SVM | E7: -0.3248176 | F7: -0.12430862 | G7: =(ABS(E7 -F7)/MAX(ABS(E7),ABS(F7)) )* 100 -> 61.729714 | H7: =Week3!G7 - Week4!G7 -> -0.48319185 | J7: -0.39794817
A8: 7 | B8: 7 | C8: 0.003259-0.392839-0.309986-0.034139-0.323222-0.843995 | D8: Changed from UCB to SVM | E8: 1.5152432 | F8: 0.9336738 | G8: =(ABS(E8 -F8)/MAX(ABS(E8),ABS(F8)) )* 100 -> 38.381259 | H8: =Week3!G8 - Week4!G8 -> -9.0729029 | J8: 1.2196463
A9: 8 | B9: 8 | C9: 0.122471-0.258725-0.109219-0.228651-0.547005-0.439823-0.346755-0.502501 | D9: Changed from UCB to SVM | E9: 9.9072611 | F9: 9.9000383 | G9: =(ABS(E9 -F9)/MAX(ABS(E9),ABS(F9)) )* 100 -> 0.072904477 | H9: =Week3!G9 - Week4!G9 -> 2.3673718 | J9: 10.413482

Sheet Week5
A1: Order | B1: Function | C1: Next Best Points | D1: Method | E1: Maximum value in the given data | F1: Result after this input | G1: % Difference with Maxima | H1: Differece with previous week | I1: Observation | J1: Predicted max value
A2: 1 | B2: 1 | C2: 0.040981-0.991637 | D2: Changed c = 10 from 1.0. SVM | E2: 7.7108751e-16 | F2: 0 | G2: =(ABS(E2 -F2)/MAX(ABS(E2),ABS(F2)) )* 100 -> 100 | H2: =Week4!G2 - Week5!G2 -> 0 | J2: -0.0018030313 | K2: =ABS(F2) - ABS(J2) -> -0.0018030313
A3: 2 | B3: 2 | C3: 0.999980-0.502674 | D3: Changed c = 10 from 1.0. SVM | E3: 0.61120522 | F3: -0.0078202086 | G3: =(ABS(E3 -F3)/MAX(ABS(E3),ABS(F3)) )* 100 -> 101.27947 | H3: =Week4!G3 - Week5!G3 -> -84.281588 | J3: 0.68333209 | K3: =ABS(F3) - ABS(J3) -> -0.67551188
A4: 3 | B4: 3 | C4: 0.470795-0.469432-0.384002 | D4: Changed c = 10 from 1.0. SVM | E4: -0.0071645825 | F4: -0.045776372 | G4: =(ABS(E4 -F4)/MAX(ABS(E4),ABS(F4)) )* 100 -> 84.348732 | H4: =Week4!G4 - Week5!G4 -> -28.024055 | J4: -0.098524768 | K4: =ABS(F4) - ABS(J4) -> -0.052748396
A5: 4 | B5: 4 | C5: 0.437681-0.304730-0.402971-0.465417 | D5: GP UCB | E5: -0.28196634 | F5: -1.5478681 | G5: =(ABS(E5 -F5)/MAX(ABS(E5),ABS(F5)) )* 100 -> 81.783568 | H5: =Week4!G5 - Week5!G5 -> -1.9414621 | J5: -0.026775999 | K5: =ABS(F5) - ABS(J5) -> 1.5210921
A6: 5 | B6: 5 | C6: 0.223249-0.991019-0.987207-0.989510 | D6: GP UCB | E6: 2763.1361 | F6: 4021.5012 | G6: =(ABS(E6 -F6)/MAX(ABS(E6),ABS(F6)) )* 100 -> 31.290928 | H6: =Week4!G6 - Week5!G6 -> 7.2049916 | J6: 2749.3106 | K6: =ABS(F6) - ABS(J6) -> 1272.1906
A7: 6 | B7: 6 | C7: 0.403200-0.358308-0.537100-0.806405-0.125919 | D7: Changed c = 10 from 1.0. SVM | E7: -0.12430862 | F7: -0.22242976 | G7: =(ABS(E7 -F7)/MAX(ABS(E7),ABS(F7)) )* 100 -> 44.113315 | H7: =Week4!G7 - Week5!G7 -> 17.6164 | J7: -0.22304319 | K7: =ABS(F7) - ABS(J7) -> -0.00061343015
A8: 7 | B8: 7 | C8: 0.005966-0.408227-0.235281-0.257264-0.364575-0.611106 | D8: Changed c = 10 from 1.0. SVM | E8: 1.5152432 | F8: 1.8597477 | G8: =(ABS(E8 -F8)/MAX(ABS(E8),ABS(F8)) )* 100 -> 18.524258 | H8: =Week4!G8 - Week5!G8 -> 19.857001 | J8: 1.6072758 | K8: =ABS(F8) - ABS(J8) -> 0.25247192
A9: 8 | B9: 8 | C9: 0.192695-0.299481-0.178516-0.223527-0.635056-0.453264-0.202099-0.598408 | D9: Changed c = 10 from 1.0. SVM | E9: 9.9072611 | F9: 9.9322065 | G9: =(ABS(E9 -F9)/MAX(ABS(E9),ABS(F9)) )* 100 -> 0.25115648 | H9: =Week4!G9 - Week5!G9 -> -0.178252 | J9: 10.097163 | K9: =ABS(F9) - ABS(J9) -> -0.16495603
A12: Using GP
A13: Order | B13: Function | C13: Next Best Points | D13: Method | E13: Maximum value in the given data | F13: Result after this input | G13: % Difference with Maxima | H13: Differece with previous week | I13: Observation | J13: Predicted max value
A14: 1 | B14: 1 | C14: 0.555556-0.878788 | D14: GP UCB | E14: 7.7108751e-16 | G14: =(ABS(E14 -F14)/MAX(ABS(E14),ABS(F14)) )* 100 -> 100 | H14: =Week3!G14 - Week5!G14 -> -100 | J14: -0.00030089762 | L14: N
A15: 2 | B15: 2 | C15: 0.707071-0.878788 | D15: GP UCB | E15: 0.61120522 | G15: =(ABS(E15 -F15)/MAX(ABS(E15),ABS(F15)) )* 100 -> 100 | H15: =Week3!G15 - Week5!G15 -> -100 | J15: 0.53632979 | L15: N
A16: 3 | B16: 3 | C16: 0.73737374 0.98989899 0. | D16: GP UCB | E16: -0.0071645825 | G16: =(ABS(E16 -F16)/MAX(ABS(E16),ABS(F16)) )* 100 -> 100 | H16: =Week3!G16 - Week5!G16 -> -100 | J16: -0.098524768 | L16: N
A17: 4 | B17: 4 | C17: 0.437681-0.304730-0.402971-0.465417 | D17: GP UCB | E17: -0.28196634 | G17: =(ABS(E17 -F17)/MAX(ABS(E17),ABS(F17)) )* 100 -> 100 | H17: =Week3!G17 - Week5!G17 -> -100 | J17: -0.026775999 | L17: Y
A18: 5 | B18: 5 | C18: 0.223249-0.991019-0.987207-0.989510 | D18: GP UCB | E18: 2763.1361 | G18: =(ABS(E18 -F18)/MAX(ABS(E18),ABS(F18)) )* 100 -> 100 | H18: =Week3!G18 - Week5!G18 -> -100 | J18: 2749.3106 | L18: Y
A19: 6 | B19: 6 | C19: 0.380184-0.470808-0.448688-0.623953-0.016960 | D19: GP UCB | E19: -0.12430862 | G19: =(ABS(E19 -F19)/MAX(ABS(E19),ABS(F19)) )* 100 -> 100 | H19: =Week3!G19 - Week5!G19 -> -100 | J19: -0.2603264
A20: 7 | B20: 7 | C20: 0.019827-0.361049-0.286289-0.217141-0.280808-0.629024 | D20: GP UCB | E20: 1.5152432 | G20: =(ABS(E20 -F20)/MAX(ABS(E20),ABS(F20)) )* 100 -> 100 | H20: =Week3!G20 - Week5!G20 -> -100 | J20: 1.3435402
A21: 8 | B21: 8 | C21: 0.091162-0.246438-0.013086-0.510607-0.945613-0.106765-0.014449-0.053390 | D21: GP UCB | E21: 9.9072611 | G21: =(ABS(E21 -F21)/MAX(ABS(E21),ABS(F21)) )* 100 -> 100 | H21: =Week3!G21 - Week5!G21 -> -100 | J21: 9.621998
A25: SVM
A27: Order | B27: Function | C27: Next Best Points | D27: Method | E27: Maximum value in the given data | F27: Result after this input | G27: % Difference with Maxima | H27: Differece with previous week | I27: Observation | J27: Predicted max value | L27: Submitted
A28: 1 | B28: 1 | C28: 0.040981-0.991637 | D28: Changed c = 10 from 1.0. SVM | E28: 7.7108751e-16 | G28: =(ABS(E28 -F28)/MAX(ABS(E28),ABS(F28)) )* 100 -> 100 | H28: =Week3!G2 - Week5!G28 -> 2.0605739e-11 | J28: -0.0018030313 | L28: Y
A29: 2 | B29: 2 | C29: 0.999980-0.502674 | D29: Changed c = 10 from 1.0. SVM | E29: 0.61120522 | G29: =(ABS(E29 -F29)/MAX(ABS(E29),ABS(F29)) )* 100 -> 100 | H29: =Week3!G3 - Week5!G29 -> -67.801199 | J29: 0.68333209 | L29: Y
A30: 3 | B30: 3 | C30: 0.470795-0.469432-0.384002 | D30: Changed c = 10 from 1.0. SVM | E30: -0.0071645825 | G30: =(ABS(E30 -F30)/MAX(ABS(E30),ABS(F30)) )* 100 -> 100 | H30: =Week3!G4 - Week5!G30 -> -15.003236 | J30: -0.098524768 | L30: Y
A31: 4 | B31: 4 | C31: 0.428136-0.411944-0.394251-0.408480 | D31: Changed c = 10 from 1.0. SVM | E31: -0.28196634 | G31: =(ABS(E31 -F31)/MAX(ABS(E31),ABS(F31)) )* 100 -> 100 | H31: =Week3!G5 - Week5!G31 -> -56.356893 | J31: -0.83088497 | L31: N
A32: 5 | B32: 5 | C32: 0.204073-0.904901-0.851427-0.949180 | D32: Changed c = 10 from 1.0. SVM | E32: 2763.1361 | G32: =(ABS(E32 -F32)/MAX(ABS(E32),ABS(F32)) )* 100 -> 100 | H32: =Week3!G6 - Week5!G32 -> -44.209569 | J32: 144.11685
A33: 6 | B33: 6 | C33: 0.403200-0.358308-0.53710-0.806405-0.125919] | D33: Changed c = 10 from 1.0. SVM | E33: -0.12430862 | G33: =(ABS(E33 -F33)/MAX(ABS(E33),ABS(F33)) )* 100 -> 100 | H33: =Week3!G7 - Week5!G33 -> -38.753478 | J33: -0.22304319
A34: 7 | B34: 7 | C34: 0.005966-0.408227-0.235281-0.257264-0.364575-0.611106 | D34: Changed c = 10 from 1.0. SVM | E34: 1.5152432 | G34: =(ABS(E34 -F34)/MAX(ABS(E34),ABS(F34)) )* 100 -> 100 | H34: =Week3!G8 - Week5!G34 -> -70.691644 | J34: 1.6072758
A35: 8 | B35: 8 | C35: 0.192695-0.299481-0.178516-0.223527-0.635056-0.453264-0.202099-0.598408 | D35: Changed c = 10 from 1.0. SVM | E35: 9.9072611 | G35: =(ABS(E35 -F35)/MAX(ABS(E35),ABS(F35)) )* 100 -> 100 | H35: =Week3!G9 - Week5!G35 -> -97.559724 | J35: 10.097163

Sheet Week6
A1: Order | B1: Function | C1: Next Best Points | D1: Method | E1: Maximum value in the given data | F1: Result after this input | G1: % Difference with Maxima | H1: Differece with previous week | I1: Observation | J1: Predicted max value
A2: 1 | B2: 1 | C2: 0.272727-0.646465 | D2: GP UCB. changed kappa from 2 to 4 def ucb(x, gp, kappa=4.0): | E2: 7.7108751e-16 | F2: -2.4207951e-51 | G2: =(ABS(E2 -F2)/MAX(ABS(E2),ABS(F2)) )* 100 -> 100 | H2: =Week4!G2 - Week6!G2 -> 0 | K2: =ABS(F2) - ABS(J2) -> 2.4207951e-51
A3: 2 | B3: 2 | C3: 0.727273-0.848485 | D3: GP UCB. same as above | E3: 0.61120522 | F3: 0.56924087 | G3: =(ABS(E3 -F3)/MAX(ABS(E3),ABS(F3)) )* 100 -> 6.865836 | H3: =Week4!G3 - Week6!G3 -> 10.132049 | K3: =ABS(F3) - ABS(J3) -> 0.56924087
A4: 3 | B4: 3 | C4: 0.505051-0.505051-0.333333 | D4: GP UCB. same as above | E4: -0.0071645825 | F4: -0.044074742 | G4: =(ABS(E4 -F4)/MAX(ABS(E4),ABS(F4)) )* 100 -> 83.744471 | H4: =Week4!G4 - Week6!G4 -> -27.419793 | K4: =ABS(F4) - ABS(J4) -> 0.044074742
A5: 4 | B5: 4 | C5: 0.296830-0.339701-0.328080-0.381113 | D5: GP UCB. same as above | E5: -0.28196634 | F5: -1.2401877 | G5: =(ABS(E5 -F5)/MAX(ABS(E5),ABS(F5)) )* 100 -> 77.264221 | H5: =Week4!G5 - Week6!G5 -> 2.5778851 | K5: =ABS(F5) - ABS(J5) -> 1.2401877
A6: 5 | B6: 5 | C6: 0.210130-0.932370-0.868367-0.947575 | D6: SVM. Kept c = 10 | E6: 4021.5012 | F6: 1938.9433 | G6: =(ABS(E6 -F6)/MAX(ABS(E6),ABS(F6)) )* 100 -> 51.785585 | H6: =Week4!G6 - Week6!G6 -> -13.289665 | K6: =ABS(F6) - ABS(J6) -> 1938.9433
A7: 6 | B7: 6 | C7: 0.391891-0.368600-0.531377-0.802436-0.120967 | D7: SVM. Kept c = 10 | E7: -0.12430862 | F7: -0.20723711 | G7: =(ABS(E7 -F7)/MAX(ABS(E7),ABS(F7)) )* 100 -> 40.016236 | H7: =Week4!G7 - Week6!G7 -> 21.713479 | K7: =ABS(F7) - ABS(J7) -> 0.20723711
A8: 7 | B8: 7 | C8: 0.012847-0.337198-0.189260-0.238606-0.359323-0.557438 | D8: SVM. Kept c = 10 | E8: 1.8597477 | F8: 1.883808 | G8: =(ABS(E8 -F8)/MAX(ABS(E8),ABS(F8)) )* 100 -> 1.2772142 | H8: =Week4!G8 - Week6!G8 -> 37.104045 | K8: =ABS(F8) - ABS(J8) -> 1.883808
A9: 8 | B9: 8 | C9: 0.128221-0.210897-0.140317-0.254160-0.652099-0.458573-0.200614-0.567749 | D9: SVM. Kept c = 10 | E9: 9.9322065 | F9: 9.9707718 | G9: =(ABS(E9 -F9)/MAX(ABS(E9),ABS(F9)) )* 100 -> 0.38678315 | H9: =Week4!G9 - Week6!G9 -> -0.31387867 | K9: =ABS(F9) - ABS(J9) -> 9.9707718
A12: Using GP
A13: Order | B13: Function | C13: Next Best Points | D13: Method | E13: Maximum value in the given data | F13: Result after this input | G13: % Difference with Maxima | H13: Differece with previous week | I13: Observation | J13: Predicted max value
A14: 1 | B14: 1 | C14: 0.272727-0.646465 | D14: GP UCB. changed kappa from 2 to 4 def ucb(x, gp, kappa=4.0): | E14: 7.7108751e-16 | G14: =(ABS(E14 -F14)/MAX(ABS(E14),ABS(F14)) )* 100 -> 100 | H14: =Week3!G14 - Week6!G14 -> -100 | J14: -0.00021161475 | L14: N
A15: 2 | B15: 2 | C15: 0.727273-0.848485 | D15: GP UCB. same as above | E15: 0.61120522 | G15: =(ABS(E15 -F15)/MAX(ABS(E15),ABS(F15)) )* 100 -> 100 | H15: =Week3!G15 - Week6!G15 -> -100 | J15: 0.40449533 | L15: N
A16: 3 | B16: 3 | C16: 0.505051-0.505051-0.333333 | D16: GP UCB | E16: -0.0071645825 | G16: =(ABS(E16 -F16)/MAX(ABS(E16),ABS(F16)) )* 100 -> 100 | H16: =Week3!G16 - Week6!G16 -> -100 | J16: -0.050968886 | L16: N
A17: 4 | B17: 4 | C17: 0.29683-0.339701-0.32808-0.381113 | D17: GP UCB | E17: -0.28196634 | G17: =(ABS(E17 -F17)/MAX(ABS(E17),ABS(F17)) )* 100 -> 100 | H17: =Week3!G17 - Week6!G17 -> -100 | J17: -10.762086 | L17: Y
A18: 5 | B18: 5 | C18: 0.006714-0.962566-0.999640-0.988118 | D18: GP UCB | E18: 4021.5012 | G18: =(ABS(E18 -F18)/MAX(ABS(E18),ABS(F18)) )* 100 -> 100 | H18: =Week3!G18 - Week6!G18 -> -100 | J18: 2888.3754 | L18: Y
A19: 6 | B19: 6 | C19: 0.255285-0.205991-0.397076-0.455967-0.002761 | D19: GP UCB | E19: -0.12430862 | G19: =(ABS(E19 -F19)/MAX(ABS(E19),ABS(F19)) )* 100 -> 100 | H19: =Week3!G19 - Week6!G19 -> -100 | J19: -0.51958076
A20: 7 | B20: 7 | C20: 0.003012-0.188490-0.151942-0.248707-0.271647-0.686207 | D20: GP UCB | E20: 1.8597477 | G20: =(ABS(E20 -F20)/MAX(ABS(E20),ABS(F20)) )* 100 -> 100 | H20: =Week3!G20 - Week6!G20 -> -100 | J20: 1.4908644
A21: 8 | B21: 8 | C21: 7.26450e-02 1.94260e-01 4.52080e-02 9.74669e-01 9.85736e-01 1.36972e-01 7.86000e-04 3.92350e-02 | D21: GP UCB | E21: 9.9322065 | G21: =(ABS(E21 -F21)/MAX(ABS(E21),ABS(F21)) )* 100 -> 100 | H21: =Week3!G21 - Week6!G21 -> -100
A25: SVM
A27: Order | B27: Function | C27: Next Best Points | D27: Method | E27: Maximum value in the given data | F27: Result after this input | G27: % Difference with Maxima | H27: Differece with previous week | I27: Observation | J27: Predicted max value | L27: Submitted
A28: 1 | B28: 1 | C28: 0.226985-0.173301 | D28: Changed c = 10 from 1.0. SVM | E28: 7.7108751e-16 | G28: =(ABS(E28 -F28)/MAX(ABS(E28),ABS(F28)) )* 100 -> 100 | H28: =Week3!G2 - Week6!G28 -> 2.0605739e-11 | J28: -0.0018030313 | L28: Y
A29: 2 | B29: 2 | C29: 0.578940-0.999998 | D29: Changed c = 10 from 1.0. SVM | E29: 0.61120522 | G29: =(ABS(E29 -F29)/MAX(ABS(E29),ABS(F29)) )* 100 -> 100 | H29: =Week3!G3 - Week6!G29 -> -67.801199 | J29: 0.57025108 | L29: Y
A30: 3 | B30: 3 | C30: 0.466270-0.468781-0.388206 | D30: Changed c = 10 from 1.0. SVM | E30: -0.0071645825 | G30: =(ABS(E30 -F30)/MAX(ABS(E30),ABS(F30)) )* 100 -> 100 | H30: =Week3!G4 - Week6!G30 -> -15.003236 | J30: -0.099159375 | L30: Y
A31: 4 | B31: 4 | C31: 0.411639-0.405230-0.395606-0.413578 | D31: Changed c = 10 from 1.0. SVM | E31: -0.28196634 | G31: =(ABS(E31 -F31)/MAX(ABS(E31),ABS(F31)) )* 100 -> 100 | H31: =Week3!G5 - Week6!G31 -> -56.356893 | J31: -0.61452677 | L31: N
A32: 5 | B32: 5 | C32: 0.210130-0.932370-0.868367-0.947575 | D32: Changed c = 10 from 1.0. SVM | E32: 4021.5012 | G32: =(ABS(E32 -F32)/MAX(ABS(E32),ABS(F32)) )* 100 -> 100 | H32: =Week3!G6 - Week6!G32 -> -44.209569 | J32: 157.32612
A33: 6 | B33: 6 | C33: 0.391891-0.368600-0.531377-0.802436-0.120967 | D33: Changed c = 10 from 1.0. SVM | E33: -0.12430862 | G33: =(ABS(E33 -F33)/MAX(ABS(E33),ABS(F33)) )* 100 -> 100 | H33: =Week3!G7 - Week6!G33 -> -38.753478 | J33: -0.22420724
A34: 7 | B34: 7 | C34: 0.012847-0.337198-0.189260-0.238606-0.359323-0.557438 | D34: Changed c = 10 from 1.0. SVM | E34: 1.8597477 | G34: =(ABS(E34 -F34)/MAX(ABS(E34),ABS(F34)) )* 100 -> 100 | H34: =Week3!G8 - Week6!G34 -> -70.691644 | J34: 1.7996463
A35: 8 | B35: 8 | C35: 0.128221-0.210897-0.140317-0.25416-0.652099-0.458573-0.200614-0.567749 | D35: Changed c = 10 from 1.0. SVM | E35: 9.9322065 | G35: =(ABS(E35 -F35)/MAX(ABS(E35),ABS(F35)) )* 100 -> 100 | H35: =Week3!G9 - Week6!G35 -> -97.559724

Sheet Week7
A1: Order | B1: Function | C1: Next Best Points | D1: Method | E1: Maximum value in the given data | F1: Result after this input | G1: % Difference with Maxima | H1: Differece with previous week | I1: Observation | J1: Predicted max value
A2: 1 | B2: 1 | C2: 0.343434-0.686869 | D2: GP and UCB with kappa 1.0 | E2: 7.7108751e-16 | F2: 2.4541537e-54 | G2: =(ABS(E2 -F2)/MAX(ABS(E2),ABS(F2)) )* 100 -> 100 | H2: =Week4!G2 - Week7!G2 -> 0 | K2: =ABS(F2) - ABS(J2) -> 2.4541537e-54
A3: 2 | B3: 2 | C3: 0.767677-0.171717 | D3: GP and UCB with kappa 4.0 | E3: 0.61120522 | F3: 0.19283513 | G3: =(ABS(E3 -F3)/MAX(ABS(E3),ABS(F3)) )* 100 -> 68.450019 | H3: =Week4!G3 - Week7!G3 -> -51.452134 | K3: =ABS(F3) - ABS(J3) -> 0.19283513
A4: 3 | B4: 3 | C4: 0.484848-0.464646-0.343434 | D4: GP and UCB with kappa 1.0 | E4: -0.0071645825 | F4: -0.033040646 | G4: =(ABS(E4 -F4)/MAX(ABS(E4),ABS(F4)) )* 100 -> 78.315852 | H4: =Week4!G4 - Week7!G4 -> -21.991175 | K4: =ABS(F4) - ABS(J4) -> 0.033040646
A5: 4 | B5: 4 | C5: 0.409933-0.364803-0.392926-0.352123 | D5: GP and UCB with kappa 1.0 | E5: -0.28196634 | F5: 0.57749759 | G5: =(ABS(E5 -F5)/MAX(ABS(E5),ABS(F5)) )* 100 -> 148.82554 | H5: =Week4!G5 - Week7!G5 -> -68.983437 | K5: =ABS(F5) - ABS(J5) -> 0.57749759
A6: 5 | B6: 5 | C6: 0.256514-0.99714-0.999654-0.992373 | D6: GP and UCB with kappa 1.0 | E6: 4021.5012 | F6: 4310.9806 | G6: =(ABS(E6 -F6)/MAX(ABS(E6),ABS(F6)) )* 100 -> 6.7149315 | H6: =Week4!G6 - Week7!G6 -> 31.780988 | K6: =ABS(F6) - ABS(J6) -> 4310.9806
A7: 6 | B7: 6 | C7: 0.431450-0.341100-0.525399-0.767641-0.116168 | D7: SVM. Changed C from 10 to 0.5 | E7: -0.12430862 | F7: -0.15947669 | G7: =(ABS(E7 -F7)/MAX(ABS(E7),ABS(F7)) )* 100 -> 22.052168 | H7: =Week4!G7 - Week7!G7 -> 39.677546 | K7: =ABS(F7) - ABS(J7) -> 0.15947669
A8: 7 | B8: 7 | C8: 0.005938-0.357099-0.254090-0.226019-0.373983-0.567737 | D8: SVM. Changed C from 10 to 50 | E8: 1.883808 | F8: 1.8684324 | G8: =(ABS(E8 -F8)/MAX(ABS(E8),ABS(F8)) )* 100 -> 0.8161939 | H8: =Week4!G8 - Week7!G8 -> 37.565065 | K8: =ABS(F8) - ABS(J8) -> 1.8684324
A9: 8 | B9: 8 | C9: 0.116710-0.257625-0.102652-0.256898-0.608380-0.438972-0.202376-0.673922 | D9: SVM. Changed C from 10 to 50 | E9: 9.9707718 | F9: 9.9515462 | G9: =(ABS(E9 -F9)/MAX(ABS(E9),ABS(F9)) )* 100 -> 0.19281897 | H9: =Week4!G9 - Week7!G9 -> -0.11991449 | K9: =ABS(F9) - ABS(J9) -> 9.9515462
A12: Using GP
A13: Order | B13: Function | C13: Next Best Points | D13: Method | E13: Maximum value in the given data | F13: Result after this input | G13: % Difference with Maxima | H13: Differece with previous week | I13: Observation | J13: Predicted max value
A14: 1 | B14: 1 | C14: 0.343434-0.686869 | D14: GP and UCB with kappa 1.0 | E14: 7.7108751e-16 | F14: 2.4541537e-54 | G14: =(ABS(E14 -F14)/MAX(ABS(E14),ABS(F14)) )* 100 -> 100 | H14: =Week3!G14 - Week7!G14 -> -100 | J14: -7.3352408e-05
A15: 2 | B15: 2 | C15: 0.767677-0.171717 | D15: GP and UCB with kappa 4.0 | E15: 0.61120522 | F15: 0.19283513 | G15: =(ABS(E15 -F15)/MAX(ABS(E15),ABS(F15)) )* 100 -> 68.450019 | H15: =Week3!G15 - Week7!G15 -> -68.450019 | J15: 0.36640479
A16: 3 | B16: 3 | C16: 0.484848-0.464646-0.343434 | D16: GP and UCB with kappa 1.0 | E16: -0.0071645825 | F16: -0.033040646 | G16: =(ABS(E16 -F16)/MAX(ABS(E16),ABS(F16)) )* 100 -> 78.315852 | H16: =Week3!G16 - Week7!G16 -> -78.315852 | J16: -0.0025414118
A17: 4 | B17: 4 | C17: 0.409933-0.364803-0.392926-0.352123 | D17: GP and UCB with kappa 1.0 | E17: -0.28196634 | F17: 0.57749759 | G17: =(ABS(E17 -F17)/MAX(ABS(E17),ABS(F17)) )* 100 -> 148.82554 | H17: =Week3!G17 - Week7!G17 -> -148.82554 | J17: 0.53789511
A18: 5 | B18: 5 | C18: 0.256514-0.99714-0.999654-0.992373 | D18: GP and UCB with kappa 1.0 | E18: 4021.5012 | F18: 4310.9806 | G18: =(ABS(E18 -F18)/MAX(ABS(E18),ABS(F18)) )* 100 -> 6.7149315 | H18: =Week3!G18 - Week7!G18 -> -6.7149315 | J18: 4154.7493
A19: 6 | B19: 6 | C19: 0.149263-0.157346-0.376126-0.401604-0.000412 | D19: GP and UCB with kappa 4.0 | E19: -0.12430862 | F19: -0.15947669 | G19: =(ABS(E19 -F19)/MAX(ABS(E19),ABS(F19)) )* 100 -> 22.052168 | H19: =Week3!G19 - Week7!G19 -> -22.052168 | J19: -0.50510723
A20: 7 | B20: 7 | C20: 0.005736-0.144342-0.130780-0.371920-0.195657-0.688366 | D20: GP and UCB with kappa 4.0 | E20: 1.883808 | F20: 1.8684324 | G20: =(ABS(E20 -F20)/MAX(ABS(E20),ABS(F20)) )* 100 -> 0.8161939 | H20: =Week3!G20 - Week7!G20 -> -0.8161939 | J20: 1.395459
A21: 8 | B21: 8 | C21: 1.26784232e-01 1.57479325e-01 2.74693931e-02 8.74639200e-01 9.27662487e-01 6.74960089e-02 2.88839476e-02 3.76237340e-04 | E21: 9.9707718 | F21: 9.9515462 | G21: =(ABS(E21 -F21)/MAX(ABS(E21),ABS(F21)) )* 100 -> 0.19281897 | H21: =Week3!G21 - Week7!G21 -> -0.19281897 | J21: 9.3105785
A25: SVM
A27: Order | B27: Function | C27: Next Best Points | D27: Method | E27: Maximum value in the given data | F27: Result after this input | G27: % Difference with Maxima | H27: Differece with previous week | I27: Observation | J27: Predicted max value | L27: Submitted
A28: 1 | B28: 1 | C28: 0.128694-0.219713 | D28: SVM | E28: 7.7108751e-16 | F28: 2.4541537e-54 | G28: =(ABS(E28 -F28)/MAX(ABS(E28),ABS(F28)) )* 100 -> 100 | H28: =Week3!G2 - Week7!G28 -> 2.0605739e-11 | J28: -0.0018030313
A29: 2 | B29: 2 | C29: 0.233998-0.749905 | D29: SVM | E29: 0.61120522 | F29: 0.19283513 | G29: =(ABS(E29 -F29)/MAX(ABS(E29),ABS(F29)) )* 100 -> 68.450019 | H29: =Week3!G3 - Week7!G29 -> -36.251218 | J29: 0.58371094
A30: 3 | B30: 3 | C30: 0.464267-0.464315-0.390928 | D30: SVM | E30: -0.0071645825 | F30: -0.033040646 | G30: =(ABS(E30 -F30)/MAX(ABS(E30),ABS(F30)) )* 100 -> 78.315852 | H30: =Week3!G4 - Week7!G30 -> 6.6809116 | J30: -0.10020593
A31: 4 | B31: 4 | C31: 0.404571-0.412653-0.392798-0.411417 | D31: SVM | E31: -0.28196634 | F31: 0.57749759 | G31: =(ABS(E31 -F31)/MAX(ABS(E31),ABS(F31)) )* 100 -> 148.82554 | H31: =Week3!G5 - Week7!G31 -> -105.18244 | J31: -0.25765658
A32: 5 | B32: 5 | C32: 0.226764-0.976135-0.968146-0.985228 | D32: SVM with c=200 | E32: 4021.5012 | F32: 4310.9806 | G32: =(ABS(E32 -F32)/MAX(ABS(E32),ABS(F32)) )* 100 -> 6.7149315 | H32: =Week3!G6 - Week7!G32 -> 49.075499 | J32: 1139.7676
A33: 6 | B33: 6 | C33: 0.431450-0.341100-0.525399-0.767641-0.116168 | D33: SVM. Changed C from 10 to 0.5 | E33: -0.12430862 | F33: -0.15947669 | G33: =(ABS(E33 -F33)/MAX(ABS(E33),ABS(F33)) )* 100 -> 22.052168 | H33: =Week3!G7 - Week7!G33 -> 39.194354 | J33: -0.32166895
A34: 7 | B34: 7 | C34: 0.005938-0.357099-0.254090-0.226019-0.373983-0.567737 | D34: SVM. Changed C from 10 to 50 | E34: 1.883808 | F34: 1.8684324 | G34: =(ABS(E34 -F34)/MAX(ABS(E34),ABS(F34)) )* 100 -> 0.8161939 | H34: =Week3!G8 - Week7!G34 -> 28.492162 | J34: 1.798663
A35: 8 | B35: 8 | C35: 0.116710-0.257625-0.102652-0.256898-0.608380-0.438972-0.202376-0.673922 | D35: SVM. Changed C from 10 to 50 | E35: 9.9707718 | F35: 9.9515462 | G35: =(ABS(E35 -F35)/MAX(ABS(E35),ABS(F35)) )* 100 -> 0.19281897 | H35: =Week3!G9 - Week7!G35 -> 2.2474573 | J35: 10.055705

Sheet Week8
A1: Order | B1: Function | C1: Next Best Points | D1: Method | E1: Maximum value in the given data | F1: Result after this input | G1: % Difference with Maxima | H1: Differece with previous week | I1: Observation | J1: Predicted max value
A2: 1 | B2: 1 | C2: 0.757576-0.747475 | D2: GP with kappa 0.5 | E2: 7.7108751e-16 | F2: 1.558429e-23 | G2: =(ABS(E2 -F2)/MAX(ABS(E2),ABS(F2)) )* 100 -> 99.999998 | H2: =Week4!G2 - Week8!G2 -> 2.0210793e-06 | J2: 0.00021552763 | K2: =ABS(F2) - ABS(J2) -> -0.00021552763
A3: 2 | B3: 2 | C3: 0.636364-0.040404 | D3: GP with kappa 3.0 for more exploitation | E3: 0.61120522 | F3: 0.14715689 | G3: =(ABS(E3 -F3)/MAX(ABS(E3),ABS(F3)) )* 100 -> 75.92349 | H3: =Week4!G3 - Week8!G3 -> -58.925605 | J3: 0.41421501 | K3: =ABS(F3) - ABS(J3) -> -0.26705812
A4: 3 | B4: 3 | C4: 0.484848-0.484848-0.363636 | D4: GP with kappa 0.5 | E4: -0.0071645825 | F4: -0.054495234 | G4: =(ABS(E4 -F4)/MAX(ABS(E4),ABS(F4)) )* 100 -> 86.852827 | H4: =Week4!G4 - Week8!G4 -> -30.52815 | J4: -0.0046199868 | K4: =ABS(F4) - ABS(J4) -> 0.049875247
A5: 4 | B5: 4 | C5: 0.402280-0.380074-0.375910-0.363568 | D5: GP with kappa 0.5 | E5: 0.57749759 | F5: 0.38876269 | G5: =(ABS(E5 -F5)/MAX(ABS(E5),ABS(F5)) )* 100 -> 32.681505 | H5: =Week4!G5 - Week8!G5 -> 47.160601 | J5: 0.64593201 | K5: =ABS(F5) - ABS(J5) -> -0.25716933
A6: 5 | B6: 5 | C6: 0.331337-0.998687-0.980926-0.995698 | D6: GP with kappa 0.5 | E6: 4310.9806 | F6: 4158.7867 | G6: =(ABS(E6 -F6)/MAX(ABS(E6),ABS(F6)) )* 100 -> 3.530377 | H6: =Week4!G6 - Week8!G6 -> 34.965543 | J6: 4196.196 | K6: =ABS(F6) - ABS(J6) -> -37.409342
A7: 6 | B7: 6 | C7: 0.409767-0.323588-0.540202-0.774776-0.098109 | D7: SVM with c=20 from 0.5 | E7: -0.12430862 | F7: -0.28274379 | G7: =(ABS(E7 -F7)/MAX(ABS(E7),ABS(F7)) )* 100 -> 56.034889 | H7: =Week4!G7 - Week8!G7 -> 5.6948256 | J7: -0.22524085 | K7: =ABS(F7) - ABS(J7) -> 0.057502945
A8: 7 | B8: 7 | C8: 0.005690-0.361594-0.232773-0.260054-0.435480-0.530060 | D8: SVM with c=15 from 10 | E8: 1.883808 | F8: 1.4390677 | G8: =(ABS(E8 -F8)/MAX(ABS(E8),ABS(F8)) )* 100 -> 23.60858 | H8: =Week4!G8 - Week8!G8 -> 14.772679 | J8: 1.7831574 | K8: =ABS(F8) - ABS(J8) -> -0.34408972
A9: 8 | B9: 8 | C9: 0.100296-0.265682-0.146924-0.288241-0.662098-0.485298-0.240507-0.639099 | D9: SVM with c=15 from 10 | E9: 9.9707718 | F9: 9.9534885 | G9: =(ABS(E9 -F9)/MAX(ABS(E9),ABS(F9)) )* 100 -> 0.17333903 | H9: =Week4!G9 - Week8!G9 -> -0.10043456 | J9: 10.055621 | K9: =ABS(F9) - ABS(J9) -> -0.1021329
A12: Using GP
A13: Order | B13: Function | C13: Next Best Points | D13: Method | E13: Maximum value in the given data | F13: Result after this input | G13: % Difference with Maxima | H13: Differece with previous week | I13: Observation | J13: Predicted max value
A14: 1 | B14: 1 | C14: 0.757576-0.747475 | D14: GP with kappa 0.5 | E14: 7.7108751e-16 | G14: =(ABS(E14 -F14)/MAX(ABS(E14),ABS(F14)) )* 100 -> 100 | H14: =Week3!G14 - Week8!G14 -> -100 | J14: 0.00021552763
A15: 2 | B15: 2 | C15: 0.636364-0.040404 | D15: GP with kappa 3.0 for more exploitation | E15: 0.61120522 | G15: =(ABS(E15 -F15)/MAX(ABS(E15),ABS(F15)) )* 100 -> 100 | H15: =Week3!G15 - Week8!G15 -> -100 | J15: 0.41421501
A16: 3 | B16: 3 | C16: 0.484848-0.484848-0.363636 | D16: GP with kappa 0.5 | E16: -0.0071645825 | G16: =(ABS(E16 -F16)/MAX(ABS(E16),ABS(F16)) )* 100 -> 100 | H16: =Week3!G16 - Week8!G16 -> -100 | J16: -0.0046199868
A17: 4 | B17: 4 | C17: 0.40228-0.380074-0.37591-0.363568 | D17: GP with kappa 0.5 | E17: 0.57749759 | G17: =(ABS(E17 -F17)/MAX(ABS(E17),ABS(F17)) )* 100 -> 100 | H17: =Week3!G17 - Week8!G17 -> -100 | J17: 0.64593201
A18: 5 | B18: 5 | C18: 0.331337-0.998687-0.980926-0.995698 | D18: GP with kappa 0.5 | E18: 4310.9806 | G18: =(ABS(E18 -F18)/MAX(ABS(E18),ABS(F18)) )* 100 -> 100 | H18: =Week3!G18 - Week8!G18 -> -100 | J18: 4196.196
A19: 6 | B19: 6 | C19: 0.166042-0.457246-0.073017-0.773776-0.010904 | D19: GP with kappa 4.0 | E19: -0.12430862 | G19: =(ABS(E19 -F19)/MAX(ABS(E19),ABS(F19)) )* 100 -> 100 | H19: =Week3!G19 - Week8!G19 -> -100 | J19: -0.68032936
A20: 7 | B20: 7 | C20: 0.004029-0.00812-0.157955-0.418604-0.120639-0.793899 | D20: GP with kappa 4.0 | E20: 1.883808 | G20: =(ABS(E20 -F20)/MAX(ABS(E20),ABS(F20)) )* 100 -> 100 | H20: =Week3!G20 - Week8!G20 -> -100 | J20: 1.1514751
A21: 8 | B21: 8 | C21: 0.182705-0.087667-0.016365-0.763103-0.911837-0.098463-0.034195-0.011251 | D21: GP with kappa 4.0 | E21: 9.9707718 | G21: =(ABS(E21 -F21)/MAX(ABS(E21),ABS(F21)) )* 100 -> 100 | H21: =Week3!G21 - Week8!G21 -> -100 | J21: 9.4274088
A25: SVM
A27: Order | B27: Function | C27: Next Best Points | D27: Method | E27: Maximum value in the given data | F27: Result after this input | G27: % Difference with Maxima | H27: Differece with previous week | I27: Observation | J27: Predicted max value | L27: Submitted
A28: 1 | B28: 1 | C28: 0.489438-0.943112] | D28: SVM | G28: =(ABS(E28 -F28)/MAX(ABS(E28),ABS(F28)) )* 100 -> #DIV/0! | H28: =Week3!G2 - Week8!G28 -> #DIV/0! | J28: -0.0018030313
A29: 2 | B29: 2 | C29: 0.236401-0.754627 | D29: SVM | G29: =(ABS(E29 -F29)/MAX(ABS(E29),ABS(F29)) )* 100 -> #DIV/0! | H29: =Week3!G3 - Week8!G29 -> #DIV/0! | J29: 0.58391205
A30: 3 | B30: 3 | C30: 0.463265-0.468825-0.396273 | D30: SVM | G30: =(ABS(E30 -F30)/MAX(ABS(E30),ABS(F30)) )* 100 -> #DIV/0! | H30: =Week3!G4 - Week8!G30 -> #DIV/0! | J30: -0.10027326
A31: 4 | B31: 4 | C31: 0.402987-0.410539-0.398977-0.398417 | D31: SVM | G31: =(ABS(E31 -F31)/MAX(ABS(E31),ABS(F31)) )* 100 -> #DIV/0! | H31: =Week3!G5 - Week8!G31 -> #DIV/0! | J31: -0.099621963
A32: 5 | B32: 5 | C32: 0.267979-0.995122-0.999651-0.991231 | D32: SVM with c=5000 ad epsilon=2.0 | G32: =(ABS(E32 -F32)/MAX(ABS(E32),ABS(F32)) )* 100 -> #DIV/0! | H32: =Week3!G6 - Week8!G32 -> #DIV/0! | J32: 3327.9712
A33: 6 | B33: 6 | C33: 0.409767-0.323588-0.540202-0.774776-0.098109 | D33: SVM with c=20 from 0.5 | G33: =(ABS(E33 -F33)/MAX(ABS(E33),ABS(F33)) )* 100 -> #DIV/0! | H33: =Week3!G7 - Week8!G33 -> #DIV/0! | J33: -0.22524085
A34: 7 | B34: 7 | C34: 0.00569-0.361594-0.232773-0.260054-0.435480-0.530060 | D34: SVM with c=15 from 10 | G34: =(ABS(E34 -F34)/MAX(ABS(E34),ABS(F34)) )* 100 -> #DIV/0! | H34: =Week3!G8 - Week8!G34 -> #DIV/0! | J34: 1.7831574
A35: 8 | B35: 8 | C35: 0.100296-0.265682-0.146924-0.288241-0.662098-0.485298-0.240507-0.639099 | D35: SVM with c=15 from 10 | G35: =(ABS(E35 -F35)/MAX(ABS(E35),ABS(F35)) )* 100 -> #DIV/0! | H35: =Week3!G9 - Week8!G35 -> #DIV/0! | J35: 10.055621

Sheet Week9
A1: Order | B1: Function | C1: Next Best Points | D1: Method | E1: Maximum value in the given data | F1: Result after this input | G1: % Difference with Maxima | H1: Differece with previous week | I1: Observation | J1: Predicted max value
A2: 1 | B2: 1 | C2: 0.910000-0.600000 | D2: LLM - GP and EI | E2: 7.7108751e-16 | F2: 5.264753e-57 | G2: =(ABS(E2 -F2)/MAX(ABS(E2),ABS(F2)) )* 100 -> 100 | H2: =Week4!G2 - Week9!G2 -> 0 | J2: 0.00021552763 | K2: =ABS(F2) - ABS(J2) -> -0.00021552763
A3: 2 | B3: 2 | C3: 0.696970-0.858586 | D3: LLM - GP and EI | E3: 0.61120522 | F3: 0.63564436 | G3: =(ABS(E3 -F3)/MAX(ABS(E3),ABS(F3)) )* 100 -> 3.844782 | H3: =Week4!G3 - Week9!G3 -> 13.153103 | J3: 0.41421501 | K3: =ABS(F3) - ABS(J3) -> 0.22142935
A4: 3 | B4: 3 | C4: 0.523000-0.537000-0.421000 | D4: LLM - GP and EI | E4: -0.0071645825 | F4: -0.002629601 | G4: =(ABS(E4 -F4)/MAX(ABS(E4),ABS(F4)) )* 100 -> 63.29722 | H4: =Week4!G4 - Week9!G4 -> -6.9725427 | J4: -0.0046199868 | K4: =ABS(F4) - ABS(J4) -> -0.0019903858
A5: 4 | B5: 4 | C5: 0.415000-0.370000-0.390000-0.360000 | D5: LLM - GP and EI | E5: 0.57749759 | F5: 0.5770127 | G5: =(ABS(E5 -F5)/MAX(ABS(E5),ABS(F5)) )* 100 -> 0.083964219 | H5: =Week4!G5 - Week9!G5 -> 79.758142 | J5: 0.64593201 | K5: =ABS(F5) - ABS(J5) -> -0.068919312
A6: 5 | B6: 5 | C6: 0.260000-0.995000-0.995000-0.990000 | D6: LLM - GP and EI | E6: 4310.9806 | F6: 4189.1606 | G6: =(ABS(E6 -F6)/MAX(ABS(E6),ABS(F6)) )* 100 -> 2.8258071 | H6: =Week4!G6 - Week9!G6 -> 35.670112 | J6: 4196.196 | K6: =ABS(F6) - ABS(J6) -> -7.0354732
A7: 6 | B7: 6 | C7: 0.410000-0.340000-0.540000-0.790000-0.120000 | D7: LLM - GP and EI | E7: -0.12430862 | F7: -0.14749974 | G7: =(ABS(E7 -F7)/MAX(ABS(E7),ABS(F7)) )* 100 -> 15.722817 | H7: =Week4!G7 - Week9!G7 -> 46.006897 | J7: -0.22524085 | K7: =ABS(F7) - ABS(J7) -> -0.07774111
A8: 7 | B8: 7 | C8: 0.006000-0.370000-0.240000-0.245000-0.390000-0.560000 | D8: LLM - SVM | E8: 1.883808 | F8: 1.7512571 | G8: =(ABS(E8 -F8)/MAX(ABS(E8),ABS(F8)) )* 100 -> 7.0363263 | H8: =Week4!G8 - Week9!G8 -> 31.344933 | J8: 1.7831574 | K8: =ABS(F8) - ABS(J8) -> -0.031900294
A9: 8 | B9: 8 | C9: 0.960000-0.970000-0.660000-0.660000-0.670000-0.910000-0.460000-0.560000 | D9: LLM - SVM | E9: 9.9707718 | F9: 6.43369 | G9: =(ABS(E9 -F9)/MAX(ABS(E9),ABS(F9)) )* 100 -> 35.474503 | H9: =Week4!G9 - Week9!G9 -> -35.401599 | J9: 10.055621 | K9: =ABS(F9) - ABS(J9) -> -3.6219314
A12: Using GP
A13: Order | B13: Function | C13: Next Best Points | D13: Method | E13: Maximum value in the given data | F13: Result after this input | G13: % Difference with Maxima | H13: Differece with previous week | I13: Observation | J13: Predicted max value
A14: 1 | B14: 1 | G14: =(ABS(E14 -F14)/MAX(ABS(E14),ABS(F14)) )* 100 -> #DIV/0! | H14: =Week3!G14 - Week9!G14 -> #DIV/0! | J14: 0.00021552763
A15: 2 | B15: 2 | G15: =(ABS(E15 -F15)/MAX(ABS(E15),ABS(F15)) )* 100 -> #DIV/0! | H15: =Week3!G15 - Week9!G15 -> #DIV/0! | J15: 0.41421501
A16: 3 | B16: 3 | G16: =(ABS(E16 -F16)/MAX(ABS(E16),ABS(F16)) )* 100 -> #DIV/0! | H16: =Week3!G16 - Week9!G16 -> #DIV/0! | J16: -0.0046199868
A17: 4 | B17: 4 | G17: =(ABS(E17 -F17)/MAX(ABS(E17),ABS(F17)) )* 100 -> #DIV/0! | H17: =Week3!G17 - Week9!G17 -> #DIV/0! | J17: 0.64593201
A18: 5 | B18: 5 | G18: =(ABS(E18 -F18)/MAX(ABS(E18),ABS(F18)) )* 100 -> #DIV/0! | H18: =Week3!G18 - Week9!G18 -> #DIV/0! | J18: 4196.196
A19: 6 | B19: 6 | G19: =(ABS(E19 -F19)/MAX(ABS(E19),ABS(F19)) )* 100 -> #DIV/0! | H19: =Week3!G19 - Week9!G19 -> #DIV/0! | J19: -0.68032936
A20: 7 | B20: 7 | G20: =(ABS(E20 -F20)/MAX(ABS(E20),ABS(F20)) )* 100 -> #DIV/0! | H20: =Week3!G20 - Week9!G20 -> #DIV/0! | J20: 1.1514751
A21: 8 | B21: 8 | G21: =(ABS(E21 -F21)/MAX(ABS(E21),ABS(F21)) )* 100 -> #DIV/0! | H21: =Week3!G21 - Week9!G21 -> #DIV/0! | J21: 9.4274088
A25: SVM
A27: Order | B27: Function | C27: Next Best Points | D27: Method | E27: Maximum value in the given data | F27: Result after this input | G27: % Difference with Maxima | H27: Differece with previous week | I27: Observation | J27: Predicted max value | L27: Submitted
A28: 1 | B28: 1 | G28: =(ABS(E28 -F28)/MAX(ABS(E28),ABS(F28)) )* 100 -> #DIV/0! | H28: =Week3!G2 - Week9!G28 -> #DIV/0! | J28: -0.0018030313
A29: 2 | B29: 2 | G29: =(ABS(E29 -F29)/MAX(ABS(E29),ABS(F29)) )* 100 -> #DIV/0! | H29: =Week3!G3 - Week9!G29 -> #DIV/0! | J29: 0.58391205
A30: 3 | B30: 3 | G30: =(ABS(E30 -F30)/MAX(ABS(E30),ABS(F30)) )* 100 -> #DIV/0! | H30: =Week3!G4 - Week9!G30 -> #DIV/0! | J30: -0.10027326
A31: 4 | B31: 4 | G31: =(ABS(E31 -F31)/MAX(ABS(E31),ABS(F31)) )* 100 -> #DIV/0! | H31: =Week3!G5 - Week9!G31 -> #DIV/0! | J31: -0.099621963
A32: 5 | B32: 5 | G32: =(ABS(E32 -F32)/MAX(ABS(E32),ABS(F32)) )* 100 -> #DIV/0! | H32: =Week3!G6 - Week9!G32 -> #DIV/0! | J32: 3327.9712
A33: 6 | B33: 6 | G33: =(ABS(E33 -F33)/MAX(ABS(E33),ABS(F33)) )* 100 -> #DIV/0! | H33: =Week3!G7 - Week9!G33 -> #DIV/0! | J33: -0.22524085
A34: 7 | B34: 7 | G34: =(ABS(E34 -F34)/MAX(ABS(E34),ABS(F34)) )* 100 -> #DIV/0! | H34: =Week3!G8 - Week9!G34 -> #DIV/0! | J34: 1.7831574
A35: 8 | B35: 8 | G35: =(ABS(E35 -F35)/MAX(ABS(E35),ABS(F35)) )* 100 -> #DIV/0! | H35: =Week3!G9 - Week9!G35 -> #DIV/0! | J35: 10.055621

Sheet Week10
A1: Order | B1: Function | C1: Next Best Points | D1: Method | E1: Maximum value in the given data | F1: Result after this input | G1: % Difference with Maxima | H1: Differece with previous week | I1: Observation | J1: Predicted max value
A2: 1 | B2: 1 | C2: 0.272727-0.454545 | D2: GP and EI | E2: 7.7108751e-16 | G2: =(ABS(E2 -F2)/MAX(ABS(E2),ABS(F2)) )* 100 -> 100 | H2: =Week4!G2 - Week10!G2 -> 0 | J2: -0.0001826106 | K2: =ABS(F2) - ABS(J2) -> -0.0001826106
A3: 2 | B3: 2 | C3: 0.707071-0.888889 | D3: GP and EI | E3: 0.63564436 | G3: =(ABS(E3 -F3)/MAX(ABS(E3),ABS(F3)) )* 100 -> 100 | H3: =Week4!G3 - Week10!G3 -> -83.002115 | J3: 0.68033182 | K3: =ABS(F3) - ABS(J3) -> -0.68033182
A4: 3 | B4: 3 | C4: 0.474747-0.444444-0.363636 | D4: GP and EI | E4: -0.002629601 | G4: =(ABS(E4 -F4)/MAX(ABS(E4),ABS(F4)) )* 100 -> 100 | H4: =Week4!G4 - Week10!G4 -> -43.675322 | J4: -0.015341725 | K4: =ABS(F4) - ABS(J4) -> -0.015341725
A5: 4 | B5: 4 | C5: 0.406135-0.306049-0.368563-0.326907 | D5: GP and UCB. Changed Kappa=1 | E5: 0.57749759 | G5: =(ABS(E5 -F5)/MAX(ABS(E5),ABS(F5)) )* 100 -> 100 | H5: =Week4!G5 - Week10!G5 -> -20.157894 | J5: 0.52942733 | K5: =ABS(F5) - ABS(J5) -> -0.52942733
A6: 5 | B6: 5 | C6: 0.565589-0.990737-0.998529-0.990139 | D6: GP and UCB. Changed Kappa=1 | E6: 4310.9806 | G6: =(ABS(E6 -F6)/MAX(ABS(E6),ABS(F6)) )* 100 -> 100 | H6: =Week4!G6 - Week10!G6 -> -61.50408 | J6: 3773.9892 | K6: =ABS(F6) - ABS(J6) -> -3773.9892
A7: 6 | B7: 6 | C7: 0.394021-0.358425-0.531582-0.785604-0.130915 | D7: SVM. Changed c=5 | E7: -0.12430862 | G7: =(ABS(E7 -F7)/MAX(ABS(E7),ABS(F7)) )* 100 -> 100 | H7: =Week4!G7 - Week10!G7 -> -38.270286 | J7: -0.22564673 | K7: =ABS(F7) - ABS(J7) -> -0.22564673
A8: 7 | B8: 7 | C8: 0.013022-0.372151-0.206708-0.284926-0.256746-0.578120 | D8: SVM. Changed c=5 | E8: 1.883808 | G8: =(ABS(E8 -F8)/MAX(ABS(E8),ABS(F8)) )* 100 -> 100 | H8: =Week4!G8 - Week10!G8 -> -61.618741 | J8: 1.7924362 | K8: =ABS(F8) - ABS(J8) -> -1.7924362
A9: 8 | B9: 8 | C9: 0.096247-0.307438-0.179137-0.224319-0.639023-0.468022-0.244508-0.623882 | D9: SVM. Changed c=5 | E9: 9.9707718 | G9: =(ABS(E9 -F9)/MAX(ABS(E9),ABS(F9)) )* 100 -> 100 | H9: =Week4!G9 - Week10!G9 -> -99.927096 | J9: 10.051246 | K9: =ABS(F9) - ABS(J9) -> -10.051246
A12: Using GP
A13: Order | B13: Function | C13: Next Best Points | D13: Method | E13: Maximum value in the given data | F13: Result after this input | G13: % Difference with Maxima | H13: Differece with previous week | I13: Observation | J13: Predicted max value
A14: 1 | B14: 1 | C14: 0.272727-0.454545 | D14: GP and EI | E14: 7.7108751e-16 | G14: =(ABS(#REF! -F14)/MAX(ABS(#REF!),ABS(F14)) )* 100 -> #REF! | H14: =Week3!G14 - Week10!G14 -> #REF! | J14: -0.0001826106
A15: 2 | B15: 2 | C15: 0.707071-0.888889 | D15: GP and EI | E15: 0.63564436 | G15: =(ABS(E15 -F15)/MAX(ABS(E15),ABS(F15)) )* 100 -> 100 | H15: =Week3!G15 - Week10!G15 -> -100 | J15: 0.68033182
A16: 3 | B16: 3 | C16: 0.474747-0.444444-0.363636 | D16: GP and EI | E16: -0.002629601 | G16: =(ABS(E16 -F16)/MAX(ABS(E16),ABS(F16)) )* 100 -> 100 | H16: =Week3!G16 - Week10!G16 -> -100 | J16: -0.015341725
A17: 4 | B17: 4 | C17: 0.406135-0.306049-0.368563-0.326907 | D17: GP and UCB. Changed Kappa=1 | E17: 0.57749759 | G17: =(ABS(E17 -F17)/MAX(ABS(E17),ABS(F17)) )* 100 -> 100 | H17: =Week3!G17 - Week10!G17 -> -100 | J17: 0.52942733
A18: 5 | B18: 5 | C18: 0.565589-0.990737-0.998529-0.990139 | D18: GP and UCB. Changed Kappa=1 | E18: 4310.9806 | G18: =(ABS(E18 -F18)/MAX(ABS(E18),ABS(F18)) )* 100 -> 100 | H18: =Week3!G18 - Week10!G18 -> -100 | J18: 3773.9892
A19: 6 | B19: 6 | G19: =(ABS(E19 -F19)/MAX(ABS(E19),ABS(F19)) )* 100 -> #DIV/0! | H19: =Week3!G19 - Week10!G19 -> #DIV/0!
A20: 7 | B20: 7 | G20: =(ABS(E20 -F20)/MAX(ABS(E20),ABS(F20)) )* 100 -> #DIV/0! | H20: =Week3!G20 - Week10!G20 -> #DIV/0!
A21: 8 | B21: 8 | G21: =(ABS(E21 -F21)/MAX(ABS(E21),ABS(F21)) )* 100 -> #DIV/0! | H21: =Week3!G21 - Week10!G21 -> #DIV/0!
A25: SVM
A27: Order | B27: Function | C27: Next Best Points | D27: Method | E27: Maximum value in the given data | F27: Result after this input | G27: % Difference with Maxima | H27: Differece with previous week | I27: Observation | J27: Predicted max value | L27: Submitted
A28: 1 | B28: 1 | G28: =(ABS(E28 -F28)/MAX(ABS(E28),ABS(F28)) )* 100 -> #DIV/0! | H28: =Week3!G2 - Week10!G28 -> #DIV/0!
A29: 2 | B29: 2 | G29: =(ABS(E29 -F29)/MAX(ABS(E29),ABS(F29)) )* 100 -> #DIV/0! | H29: =Week3!G3 - Week10!G29 -> #DIV/0!
A30: 3 | B30: 3 | G30: =(ABS(E30 -F30)/MAX(ABS(E30),ABS(F30)) )* 100 -> #DIV/0! | H30: =Week3!G4 - Week10!G30 -> #DIV/0!
A31: 4 | B31: 4 | G31: =(ABS(E31 -F31)/MAX(ABS(E31),ABS(F31)) )* 100 -> #DIV/0! | H31: =Week3!G5 - Week10!G31 -> #DIV/0!
A32: 5 | B32: 5 | G32: =(ABS(E32 -F32)/MAX(ABS(E32),ABS(F32)) )* 100 -> #DIV/0! | H32: =Week3!G6 - Week10!G32 -> #DIV/0!
A33: 6 | B33: 6 | C33: 0.394021-0.358425-0.531582-0.785604-0.130915 | D33: SVM. Changed c=5 | E33: -0.12430862 | G33: =(ABS(E33 -F33)/MAX(ABS(E33),ABS(F33)) )* 100 -> 100 | H33: =Week3!G7 - Week10!G33 -> -38.753478 | J33: -0.22564673
A34: 7 | B34: 7 | C34: 0.013022-0.372151-0.206708-0.284926-0.256746-0.578120 | D34: SVM. Changed c=5 | E34: 1.883808 | G34: =(ABS(E34 -F34)/MAX(ABS(E34),ABS(F34)) )* 100 -> 100 | H34: =Week3!G8 - Week10!G34 -> -70.691644 | J34: 1.7924362
A35: 8 | B35: 8 | C35: 0.096247-0.307438-0.179137-0.224319-0.639023-0.468022-0.244508-0.623882 | D35: SVM. Changed c=5 | E35: 9.9707718 | G35: =(ABS(E35 -F35)/MAX(ABS(E35),ABS(F35)) )* 100 -> 100 | H35: =Week3!G9 - Week10!G35 -> -97.559724 | J35: 10.051246
